Category,Violation Count,Weight
Freshwater,1818,0.9821717990275527
Marine,19,0.010264721772015126
Terrestrial,14,0.007563479200432199
