,freshwater_hci,popden2010,maxrdd,meanuse,maxdof,mincsi,maxsed
freshwater_hci,1.0,0.4619354065719046,0.4300430973262783,0.4397191175831024,0.6204633580572975,0.6665494244197049,0.5921849752403532
popden2010,0.4619354065719046,1.0,0.19066745416311862,0.0871295500631865,0.17251060496627438,0.18153462635185422,0.17536922171995278
maxrdd,0.4300430973262783,0.19066745416311862,1.0,0.08981196031105888,0.2795700287627793,0.2777838320905746,0.2605205182437649
meanuse,0.4397191175831024,0.0871295500631865,0.08981196031105888,1.0,0.15725076667899388,0.26282674516712484,0.1639933602522304
maxdof,0.6204633580572975,0.17251060496627438,0.2795700287627793,0.15725076667899388,1.0,0.9395809931103654,0.8810216344368377
mincsi,0.6665494244197049,0.18153462635185422,0.2777838320905746,0.26282674516712484,0.9395809931103654,1.0,0.9393531476484647
maxsed,0.5921849752403532,0.17536922171995278,0.2605205182437649,0.1639933602522304,0.8810216344368377,0.9393531476484647,1.0
